{
  "TP": 1,
  "TN": 10814,
  "FP": 0,
  "FN": 1,
  "FPR": 0.0,
  "Recall": 0.5,
  "Precision": 1.0,
  "Accuracy": 0.9999075443786982,
  "F1": 0.6666666666666666,
  "N_eval": 10816,
  "N_botnet": 2,
  "N_normal": 10814,
  "ThresholdMajor": 269.84014850649265,
  "ThresholdMinor": 528.0580007596838,
  "results_dir": "results_original"
}